{
  "alicloud": [
    {"code": "cn-hangzhou", "name": "华东1（杭州）"},
    {"code": "cn-shanghai", "name": "华东2（上海）"},
    {"code": "cn-qingdao", "name": "华北1（青岛）"},
    {"code": "cn-beijing", "name": "华北2（北京）"},
    {"code": "cn-zhangjiakou", "name": "华北3（张家口）"},
    {"code": "cn-huhehaote", "name": "华北5（呼和浩特）"},
    {"code": "cn-wulanchabu", "name": "华北6（乌兰察布）"},
    {"code": "cn-shenzhen", "name": "华南1（深圳）"},
    {"code": "cn-heyuan", "name": "华南2（河源）"},
    {"code": "cn-guangzhou", "name": "华南3（广州）"},
    {"code": "cn-chengdu", "name": "西南1（成都）"},
    {"code": "cn-hongkong", "name": "中国香港"},
    {"code": "ap-southeast-1", "name": "亚太东南1（新加坡）"},
    {"code": "ap-southeast-2", "name": "亚太东南2（悉尼）"},
    {"code": "ap-southeast-3", "name": "亚太东南3（吉隆坡）"},
    {"code": "ap-southeast-5", "name": "亚太东南5（雅加达）"},
    {"code": "ap-northeast-1", "name": "亚太东北1（东京）"},
    {"code": "ap-south-1", "name": "亚太南部1（孟买）"},
    {"code": "us-west-1", "name": "美国西部1（硅谷）"},
    {"code": "us-east-1", "name": "美国东部1（弗吉尼亚）"},
    {"code": "eu-central-1", "name": "欧洲中部1（法兰克福）"},
    {"code": "eu-west-1", "name": "英国（伦敦）"},
    {"code": "me-east-1", "name": "中东东部1（迪拜）"}
  ],
  "tencentcloud": [
    {"code": "ap-guangzhou", "name": "华南地区（广州）"},
    {"code": "ap-shenzhen-fsi", "name": "华南地区（深圳金融）"},
    {"code": "ap-shanghai", "name": "华东地区（上海）"},
    {"code": "ap-shanghai-fsi", "name": "华东地区（上海金融）"},
    {"code": "ap-nanjing", "name": "华东地区（南京）"},
    {"code": "ap-beijing", "name": "华北地区（北京）"},
    {"code": "ap-beijing-fsi", "name": "华北地区（北京金融）"},
    {"code": "ap-chengdu", "name": "西南地区（成都）"},
    {"code": "ap-chongqing", "name": "西南地区（重庆）"},
    {"code": "ap-hongkong", "name": "中国香港"},
    {"code": "ap-singapore", "name": "亚太东南（新加坡）"},
    {"code": "ap-jakarta", "name": "亚太东南（雅加达）"},
    {"code": "ap-bangkok", "name": "亚太东南（曼谷）"},
    {"code": "ap-mumbai", "name": "亚太南部（孟买）"},
    {"code": "ap-seoul", "name": "亚太东北（首尔）"},
    {"code": "ap-tokyo", "name": "亚太东北（东京）"},
    {"code": "na-siliconvalley", "name": "美国西部（硅谷）"},
    {"code": "na-ashburn", "name": "美国东部（弗吉尼亚）"},
    {"code": "na-toronto", "name": "北美地区（多伦多）"},
    {"code": "sa-saopaulo", "name": "南美地区（圣保罗）"},
    {"code": "eu-frankfurt", "name": "欧洲地区（法兰克福）"},
    {"code": "eu-moscow", "name": "欧洲地区（莫斯科）"}
  ],
  "aws": [
    {"code": "us-east-1", "name": "美国东部（弗吉尼亚北部）"},
    {"code": "us-east-2", "name": "美国东部（俄亥俄）"},
    {"code": "us-west-1", "name": "美国西部（加利福尼亚北部）"},
    {"code": "us-west-2", "name": "美国西部（俄勒冈）"},
    {"code": "ca-central-1", "name": "加拿大（中部）"},
    {"code": "eu-central-1", "name": "欧洲（法兰克福）"},
    {"code": "eu-west-1", "name": "欧洲（爱尔兰）"},
    {"code": "eu-west-2", "name": "欧洲（伦敦）"},
    {"code": "eu-west-3", "name": "欧洲（巴黎）"},
    {"code": "eu-north-1", "name": "欧洲（斯德哥尔摩）"},
    {"code": "eu-south-1", "name": "欧洲（米兰）"},
    {"code": "ap-east-1", "name": "亚太地区（香港）"},
    {"code": "ap-south-1", "name": "亚太地区（孟买）"},
    {"code": "ap-northeast-1", "name": "亚太地区（东京）"},
    {"code": "ap-northeast-2", "name": "亚太地区（首尔）"},
    {"code": "ap-northeast-3", "name": "亚太地区（大阪）"},
    {"code": "ap-southeast-1", "name": "亚太地区（新加坡）"},
    {"code": "ap-southeast-2", "name": "亚太地区（悉尼）"},
    {"code": "ap-southeast-3", "name": "亚太地区（雅加达）"},
    {"code": "sa-east-1", "name": "南美洲（圣保罗）"},
    {"code": "me-south-1", "name": "中东（巴林）"},
    {"code": "af-south-1", "name": "非洲（开普敦）"}
  ],
  "volcengine": [
    {"code": "cn-beijing", "name": "华北2（北京）"},
    {"code": "cn-shanghai", "name": "华东2（上海）"},
    {"code": "cn-guangzhou", "name": "华南1（广州）"}
  ],
  "huaweicloud": [
    {"code": "cn-north-1", "name": "华北-北京一"},
    {"code": "cn-north-4", "name": "华北-北京四"},
    {"code": "cn-north-9", "name": "华北-乌兰察布一"},
    {"code": "cn-east-2", "name": "华东-上海二"},
    {"code": "cn-east-3", "name": "华东-上海一"},
    {"code": "cn-south-1", "name": "华南-广州"},
    {"code": "cn-south-2", "name": "华南-深圳"},
    {"code": "cn-southwest-2", "name": "西南-贵阳一"},
    {"code": "ap-southeast-1", "name": "中国-香港"},
    {"code": "ap-southeast-2", "name": "亚太-曼谷"},
    {"code": "ap-southeast-3", "name": "亚太-新加坡"},
    {"code": "af-south-1", "name": "非洲-约翰内斯堡"},
    {"code": "la-south-2", "name": "拉美-圣地亚哥"},
    {"code": "la-north-2", "name": "拉美-墨西哥城二"},
    {"code": "sa-brazil-1", "name": "拉美-圣保罗一"}
  ]
}
